{"model.embedding_dim": 100, "model.scoring_fct_norm": 2, "loss.margin": 2.0, "regularizer.weight": 6.288636596560176e-06, "optimizer.lr": 0.020287447394160576, "training.batch_size": 600}